sno,Region,Country,Item Type,Sales Channel,Order Priority,Order Date,Order ID,Ship Date,Units Sold,Unit Price,Unit Cost,Total Revenue,Total Cost,Total Profit,coupon_code
1,middle east and north africa,Libya,Cosmetics,Offline,M,2014-10-18,686800706,31-10-2014,8446,437.2,263.33,3692591.2,2224085.18,1468506.02,GF24TA
2,north america,CANADA,Vegetables,Online,M,07-11-2011,185941302,2011-12-08,3018,154.06,90.93,464953.08,274426.74,190526.34,10AMSP
3,  Middle East and North Africa  ,LIBYA,Baby Food,Offline,C,2016-10-31,246222341,2016-12-09,1517,255.28,159.42,387259.76,241840.14,145419.62,TEYPEU
4,  Asia  ,japan,Cereal,Offline,C,10-04-2010,161442649,2010-05-12,3322,205.7,117.11,683335.4,389039.42,294295.98,KWUKXL
5,  Sub-Saharan Africa  ,Chad,Fruits,Offline,H,16-08-2011,645713555,31-08-2011,9845,9.33,6.92,91853.85,68127.4,23726.45,MP39ON
6,Europe,ARMENIA,Cereal,Online,H,24-11-2014,683458888,2014-12-28,9528,205.7,117.11,1959909.6,1115824.08,844085.52,R6MY77
7,  Sub-Saharan Africa  ,ERITREA,Cereal,Online,H,2015-03-04,679414975,04/17/2015,2844,205.7,117.11,585010.8,333060.84,251949.96,YXVM56
8,Europe,  Montenegro  ,Clothes,Offline,M,2012-05-17,208630645,2012-06-28,7299,109.28,35.84,797634.72,261596.16,536038.56,7F5YMM
9,Central America and the Caribbean,Jamaica,Vegetables,Online,H,2015-01-29,266467225,2015-03-07,2428,154.06,90.93,374057.68,220778.04,153279.64,GF24TA
10,Australia And Oceania,FIJI,Vegetables,Offline,H,2013-12-24,118598544,19-01-2014,4800,154.06,90.93,739488,436464,303024,SXS9L1
11,  Sub-Saharan Africa  ,  Togo  ,Clothes,Online,M,2015-12-29,451010930,2016-01-19,3012,109.28,35.84,329151.36,107950.08,221201.28,3YC362
12,EUROPE,Montenegro,Snacks,Offline,M,02/27/2010,220003211,18-03-2010,2694,152.58,97.44,411050.52,262503.36,148547.16,6IYB06
13,europe,greece,Household,Online,C,17-11-2016,702186715,22-12-2016,1508,668.27,502.54,1007751.16,757830.32,249920.84,Y8SC3H
14,Sub-Saharan Africa,SUDAN,Cosmetics,Online,C,2015-12-20,544485270,05-01-2016,4146,437.2,263.33,1812631.2,1091766.18,720865.02,8UH5K8
15,Asia,maldives,Fruits,Offline,L,2011-01-08,714135205,06-02-2011,7332,9.33,6.92,68407.56,50737.44,17670.12,5YXQS4
16,Europe,MONTENEGRO,Clothes,Offline,H,2010-06-28,448685348,2010-07-22,4820,109.28,35.84,526729.6,172748.8,353980.8,EMZFCH
17,Europe,estonia,Office Supplies,Online,H,2016-04-25,405997025,2016-05-12,2397,651.21,524.96,1560950.37,1258329.12,302621.25,PF6GGR
18,North America,  Greenland  ,Beverages,Online,M,07/27/2012,414244067,2012-08-07,2880,47.45,31.79,136656,91555.2,45100.8,0P9GBA
19,sub-saharan africa,cape verde,Clothes,Online,C,08-09-2014,821912801,10/03/2014,1117,109.28,35.84,122065.76,40033.28,82032.48,T6F7UZ
20,Sub-Saharan Africa,senegal,Household,Offline,L,2012-08-27,247802054,2012-09-08,8989,668.27,502.54,6007079.03,4517332.06,1489746.97,KM2WVI
21,australia and oceania,Federated States Of Micronesia,Snacks,Online,C,03-09-2012,531023156,2012-10-15,407,152.58,97.44,62100.06,39658.08,22441.98,HCFYUE
22,EUROPE,bulgaria,Clothes,Online,L,27-08-2010,880999934,2010-09-16,6313,109.28,35.84,689884.64,226257.92,463626.72,35UCQC
23,Middle East and North Africa,  Algeria  ,Personal Care,Online,H,20-02-2011,127468717,2011-03-09,9681,81.73,56.67,791228.13,548622.27,242605.86,QJ694J
24,Asia,Mongolia,Clothes,Online,L,12-12-2015,770478332,2016-01-24,515,109.28,35.84,56279.2,18457.6,37821.6,JFJRWE
25,Central America And The Caribbean,grenada,Cereal,Online,H,10/28/2012,430390107,2012-11-13,852,205.7,117.11,175256.4,99777.72,75478.68,GLVCVV
26,  Central America and the Caribbean  ,grenada,Beverages,Online,M,2017-01-30,397877871,2017-03-20,9759,47.45,31.79,463064.55,310238.61,152825.94,F3Q4QL
27,Sub-Saharan Africa,Senegal,Beverages,Offline,M,10/22/2014,683927953,2014-11-04,8334,47.45,31.79,395448.3,264937.86,130510.44,P06Y3L
28,north america,Greenland,Fruits,Offline,M,2012-01-31,469839179,02/22/2012,4709,9.33,6.92,43934.97,32586.28,11348.69,7FXXYP
29,SUB-SAHARAN AFRICA,  Chad  ,Meat,Offline,H,2016-01-20,357222878,2016-03-09,9043,421.89,364.69,3815151.27,3297891.67,517259.6,NPBWX3
30,sub-saharan africa,Mauritius ,Personal Care,Online,C,2016-01-01,118002879,2016-01-07,8529,81.73,56.67,697075.17,483338.43,213736.74,9Y4IGU
31,Middle East And North Africa,Morocco,Beverages,Offline,C,2017-06-01,944415509,06/23/2017,2391,47.45,31.79,113452.95,76009.89,37443.06,CM2GP5
32,CENTRAL AMERICA AND THE CARIBBEAN,honduras,Office Supplies,Online,H,06/30/2015,499009597,2015-07-09,6884,651.21,524.96,4482929.64,3613824.64,869105,RUN3O8
33,Sub-Saharan Africa,BENIN,Fruits,Online,L,2014-01-28,564646470,16-03-2014,293,9.33,6.92,2733.69,2027.56,706.13,X10UUI
34,EUROPE,Greece,Baby Food,Offline,M,2014-04-08,294499957,2014-04-08,7937,255.28,159.42,2026157.36,1265316.54,760840.82,RSASAP
35,Central America And The Caribbean,Jamaica,Beverages,Offline,L,2010-09-04,262056386,10/24/2010,7163,47.45,31.79,339884.35,227711.77,112172.58,VJ2WZP
36,  Sub-Saharan Africa  ,Equatorial Guinea,Office Supplies,Online,M,2010-05-02,211114585,2010-05-14,2352,651.21,524.96,1531645.92,1234705.92,296940,KP6TN0
37,sub-saharan africa,Swaziland,Office Supplies,Offline,H,2013-10-03,405785882,2013-10-22,9915,651.21,524.96,6456747.15,5204978.4,1251768.75,NANAOT
38,CENTRAL AMERICA AND THE CARIBBEAN,  Trinidad and Tobago  ,Vegetables,Offline,M,06-03-2011,280494105,2011-04-14,3294,154.06,90.93,507473.64,299523.42,207950.22,11DL4R
39,europe,Sweden,Baby Food,Online,,2016-08-07,689975583,2016-08-12,7963,255.28,159.42,2032794.64,1269461.46,763333.18,49X6N6
40,Europe,Belarus,Office Supplies,Online,L,01/11/2011,759279143,18-02-2011,6426,651.21,524.96,4184675.46,3373392.96,811282.5,RA2QIL
41,SUB-SAHARAN AFRICA,GUINEA-BISSAU,Office Supplies,Offline,C,05/21/2014,133766114,2014-06-12,3221,651.21,524.96,2097547.41,1690896.16,406651.25,LA9J4F
42,Asia,MONGOLIA,Beverages,Online,M,2013-08-03,329110324,2013-09-02,9913,47.45,31.79,470371.85,315134.27,155237.58,K5VGAN
43,Middle East and North Africa,TURKEY,Meat,Online,L,2011-10-05,681298100,2011-11-20,103,421.89,364.69,43454.67,37563.07,5891.6,79LNAK
44,Sub-Saharan Africa,  Central African Republic  ,Snacks,Offline,L,2016-11-15,596628272,30-12-2016,4419,152.58,97.44,674251.02,430587.36,243663.66,251QOW
45,Sub-Saharan Africa,  Equatorial Guinea  ,Office Supplies,Offline,L,2015-04-03,901712167,2015-04-17,5523,651.21,524.96,3596632.83,2899354.08,697278.75,JCH5IZ
46,asia,LAOS,Beverages,Online,M,22-03-2013,693473613,2013-04-21,3107,47.45,31.79,147427.15,98771.53,48655.62,KWUKXL
47,Europe,armenia,Meat,Online,C,2010-08-02,489148938,2010-09-01,8896,421.89,364.69,3753133.44,3244282.24,508851.2,368NHE
48,EUROPE,Greece,Household,Online,L,2012-01-05,876286971,02/15/2012,1643,668.27,502.54,1097967.61,825673.22,272294.39,OUM4DU
49,  Middle East and North Africa  ,israel,Personal Care,Offline,H,08/26/2015,262749040,08/30/2015,2135,81.73,56.67,174493.55,120990.45,53503.1,ODW4LA
50,  Asia  ,  Bhutan  ,Meat,Online,H,12/09/2016,726708972,26-01-2017,8189,421.89,364.69,3454857.21,2986446.41,468410.8,OUM4DU
51,  Australia and Oceania  ,Vanuatu,Vegetables,Online,L,05/17/2012,366653096,31-05-2012,9654,154.06,90.93,1487295.24,877838.22,609457.02,P70780
52,Sub-Saharan Africa,Burundi,Vegetables,Online,M,17-11-2010,951380240,2010-12-20,3410,154.06,90.93,525344.6,310071.3,215273.3,TQO8MJ
53,EUROPE,Ukraine,Cosmetics,Online,M,13-11-2014,270001733,01/01/2015,8368,437.2,263.33,3658489.6,2203545.44,1454944.16,NMMU8A
54,  Europe  ,croatia,Beverages,Online,C,2016-06-16,681941401,2016-07-28,470,47.45,31.79,22301.5,14941.3,7360.2,6CF5T4
55,SUB-SAHARAN AFRICA,MADAGASCAR,Fruits,Online,L,31-05-2016,566935575,2016-06-07,7690,9.33,6.92,71747.7,53214.8,18532.9,JFJUEW
56,ASIA,malaysia,Snacks,Offline,M,10/06/2012,175033080,2012-11-05,5033,152.58,97.44,767935.14,490415.52,277519.62,KM2WVI
57,Asia,Uzbekistan,Office Supplies,Offline,L,03/10/2012,276595246,03/15/2012,9535,651.21,524.96,6209287.35,5005493.6,1203793.75,N1COFL
58,europe,italy,Office Supplies,Online,M,26-01-2011,812295901,2011-02-13,5263,651.21,524.96,3427318.23,2762864.48,664453.75,7KI8RO
59,Asia,NEPAL,Vegetables,Offline,C,06/02/2014,443121373,2014-06-19,8316,154.06,90.93,1281162.96,756173.88,524989.08,V033FE
60,AUSTRALIA AND OCEANIA,Fiji,Personal Care,Offline,H,2016-12-17,600370490,2017-01-25,1824,81.73,56.67,149075.52,103366.08,45709.44,7F5YMM
61,  Europe  ,Portugal,Office Supplies,Online,L,2014-06-27,,07/29/2014,949,651.21,524.96,617998.29,498187.04,119811.25,4ZH0EE
62,central america and the caribbean,PANAMA,Cosmetics,Offline,H,17-03-2015,470897471,2015-04-22,7881,437.2,263.33,3445573.2,2075303.73,1370269.47,202GVZ
63,Europe,BELARUS,Beverages,Offline,L,2013-04-03,248335492,04-04-2013,6846,47.45,,324842.7,217634.34,107208.36,93R5F3
64,Sub-Saharan Africa,botswana,Clothes,Offline,C,2015-03-08,680517470,2015-03-25,9097,109.28,35.84,994120.16,326036.48,668083.68,7X9G6O
65,Sub-Saharan Africa,  Tanzania  ,Personal Care,Online,M,2013-06-21,400304734,07/29/2013,7921,81.73,56.67,647383.33,448883.07,198500.26,J5J4CG
66,EUROPE,ROMANIA,Office Supplies,Offline,C,2013-01-06,810871112,08-01-2013,3636,651.21,524.96,2367799.56,1908754.56,459045,1IGMUO
67,sub-saharan africa,  Mali  ,Cereal,Online,L,2012-03-17,235702931,2012-04-03,8590,205.7,117.11,1766963,1005974.9,760988.1,LG46BM
68,SUB-SAHARAN AFRICA,  Central African Republic  ,Office Supplies,Offline,C,2014-04-18,668599021,2014-05-12,2163,651.21,,1408567.23,1135488.48,273078.75,MTDYRI
69,sub-saharan africa,NIGER,Baby Food,Online,M,2016-01-03,123670709,2016-02-01,5766,255.28,159.42,1471944.48,919215.72,552728.76,R3X8P9
70,Europe,Austria,Office Supplies,Online,L,2011-05-12,285341823,2011-06-08,7841,651.21,524.96,5106137.61,4116211.36,989926.25,DF99GJ
71,ASIA,India,Fruits,Online,H,29-07-2010,658348691,2010-08-22,8862,9.33,6.92,82682.46,61325.04,21357.42,F0KNLZ
72,Europe,Luxembourg,Baby Food,Offline,L,02-08-2013,817740142,2013-08-19,6335,255.28,159.42,1617198.8,1009925.7,607273.1,7FXXYP
73,  Sub-Saharan Africa  ,CAPE VERDE,Beverages,Offline,H,2013-10-23,858877503,06-11-2013,9794,47.45,31.79,464725.3,311351.26,153374.04,WAXB98
74,Europe,SWEDEN,Vegetables,Offline,M,02/05/2017,947434604,19-02-2017,5808,154.06,90.93,894780.48,528121.44,366659.04,VNVL2O
75,Europe,Iceland,Meat,Offline,H,2015-03-20,869397771,17-04-2015,2975,421.89,364.69,1255122.75,1084952.75,170170,2FKPM1
76,middle east and north africa,Qatar,Personal Care,Offline,L,2012-05-06,481065833,2012-05-08,6925,81.73,56.67,565980.25,392439.75,173540.5,9Y4IGU
77,SUB-SAHARAN AFRICA,  South Sudan  ,Meat,Online,C,2013-09-30,159050118,2013-10-01,5319,421.89,364.69,2244032.91,1939786.11,304246.8,MOBATR
78,europe,United Kingdom,Office Supplies,Online,M,2014-05-20,350274455,2014-06-14,2850,651.21,524.96,1855948.5,1496136,359812.5,XVGMIW
79,MIDDLE EAST AND NORTH AFRICA,tunisia ,Cereal,Online,L,09-04-2010,221975171,17-05-2010,6241,205.7,117.11,1283773.7,730883.51,552890.19,7B483X
80,North America,United States Of America,Office Supplies,Online,C,2017-06-09,811701095,2017-07-19,9247,651.21,524.96,6021738.87,4854305.12,1167433.75,8PIBFX
81,  Sub-Saharan Africa  ,LIBERIA,Cereal,Online,L,2015-02-08,977313554,2015-03-29,7653,205.7,117.11,1574222.1,896242.83,677979.27,UZ7T1P
82,Sub-Saharan Africa,ERITREA,Snacks,Offline,L,2010-01-25,546986377,02/10/2010,4279,152.58,97.44,652889.82,416945.76,235944.06,BTLMKE
83,Asia,South Korea,Fruits,Offline,L,2010-03-07,769205892,17-03-2010,3972,9.33,6.92,37058.76,27486.24,9572.52,LM15PG
84,  Sub-Saharan Africa  ,  Kenya  ,Clothes,Offline,M,2013-01-03,262770926,2013-02-08,8611,109.28,35.84,941010.08,308618.24,632391.84,CYFGG1
85,Sub-Saharan Africa,  Rwanda  ,Snacks,Online,M,06-03-2017,866792809,18-03-2017,2109,152.58,97.44,321791.22,205500.96,116290.26,D6EPWD
86,  Central America and the Caribbean  ,Cuba,Beverages,Offline,C,2011-01-09,890695369,02/23/2011,5408,47.45,31.79,256609.6,171920.32,84689.28,0P9GBA
87,MIDDLE EAST AND NORTH AFRICA,LIBYA,Cereal,Offline,M,2014-03-27,964214932,2014-03-31,1480,205.7,117.11,304436,173322.8,131113.2,7X9G6O
88,europe,Czech Republic,Snacks,Online,C,2013-06-28,887400329,08/17/2013,332,152.58,97.44,50656.56,32350.08,18306.48,3MPVLN
89,  Europe  ,Montenegro,Beverages,Offline,M,2011-09-04,980612885,2011-09-04,3999,47.45,31.79,189752.55,127128.21,62624.34,C1OVBU
90,EUROPE,montenegro,Clothes,Offline,M,07/14/2016,734526431,08/02/2016,1549,109.28,35.84,169274.72,55516.16,113758.56,Z46LAA
91,Asia,philippines,Baby Food,Online,L,23-02-2014,160127294,23-03-2014,4079,255.28,159.42,1041287.12,650274.18,391012.94,5C6TYY
92,Central America and the Caribbean,  El Salvador  ,Clothes,Offline,L,08/07/2010,238714301,2010-09-13,9721,109.28,35.84,1062310.88,348400.64,713910.24,WBPADG
93,Australia and Oceania,Tonga,Household,Online,M,01/14/2013,671898782,06-02-2013,8635,668.27,502.54,5770511.45,4339432.9,1431078.55,95U37Y
94,Sub-Saharan Africa,Democratic Republic Of The Congo,Personal Care,Offline,H,2010-09-30,331604564,11/17/2010,8014,81.73,56.67,654984.22,454153.38,200830.84,TCXFCJ
95,Middle East and North Africa,Afghanistan,Cereal,Online,M,2016-10-13,410067975,20-11-2016,7081,205.7,117.11,1456561.7,829255.91,627305.79,3KYSE9
96,australia and oceania,Tuvalu,Snacks,Offline,L,03/16/2011,369837844,23-03-2011,2091,152.58,97.44,319044.78,203747.04,115297.74,9WE0YC
97,SUB-SAHARAN AFRICA,Sudan,Fruits,Online,L,2012-12-26,193775498,31-01-2013,1331,9.33,6.92,12418.23,9210.52,3207.71,QSIIZO
98,sub-saharan africa,NIGER,Clothes,Online,M,2015-09-02,835054767,2015-10-09,117,109.28,35.84,12785.76,4193.28,8592.48,Y5GM2S
99,sub-saharan africa,gabon,Household,Offline,C,2013-11-11,167161977,12/24/2013,5798,668.27,502.54,3874629.46,2913726.92,960902.54,60RVIC
100,Australia and Oceania,East Timor,Vegetables,Offline,C,2014-08-04,633895957,08/22/2014,2755,154.06,90.93,424435.3,250512.15,173923.15,QPQIW0
101,north america,UNITED STATES OF AMERICA,Clothes,Offline,C,2010-10-21,699368035,2010-12-07,7398,109.28,35.84,808453.44,265144.32,543309.12,OUM4DU
102,middle east and north africa,jordan,Vegetables,Offline,L,2015-06-13,698002040,2015-07-29,3170,154.06,90.93,488370.2,288248.1,200122.1,8HE5K2
103,EUROPE,  Cyprus  ,Snacks,Offline,H,03/29/2012,584534299,2012-05-18,5544,152.58,97.44,845903.52,540207.36,305696.16,412JDZ
104,SUB-SAHARAN AFRICA,MALAWI,Vegetables,Online,L,22-06-2012,384013640,19-07-2012,7025,154.06,90.93,1082271.5,638783.25,443488.25,1D7GGI
105,Europe,ICELAND,Personal Care,Online,M,10-05-2013,641801393,2013-05-24,2149,81.73,56.67,175637.77,121783.83,53853.94,VS9F98
106,  Middle East and North Africa  ,Israel,Personal Care,Online,M,2016-12-10,173571383,01/11/2017,2484,81.73,56.67,203017.32,140768.28,62249.04,KWUKXL
107,Middle East And North Africa,UNITED ARAB EMIRATES,Snacks,Offline,H,2011-03-20,115309941,2011-04-06,1629,152.58,97.44,248552.82,158729.76,89823.06,Q4D56J
108,ASIA,China,Cosmetics,Offline,L,22-09-2011,773315894,2011-11-04,213,437.2,263.33,93123.6,56089.29,37034.31,WM0G2F
109,Sub-Saharan Africa,  Kenya  ,Beverages,Online,M,2012-05-11,274200570,2012-06-26,897,47.45,31.79,42562.65,28515.63,14047.02,6IYB06
110,  Middle East and North Africa  ,somalia,Clothes,Offline,M,2011-11-15,414887797,2011-11-17,3374,109.28,35.84,368710.72,120924.16,247786.56,P3K169
111,,TONGA,Beverages,Offline,L,01/27/2010,812613904,2010-01-29,9367,47.45,31.79,444464.15,297776.93,146687.22,368NHE
112,Asia,Bangladesh,Baby Food,Online,H,17-08-2011,254927718,2011-09-07,7632,255.28,159.42,1948296.96,1216693.44,731603.52,GXDCEY
113,  Middle East and North Africa  ,Egypt,Beverages,Offline,M,2014-09-06,749690568,2014-10-26,8954,47.45,31.79,424867.3,284647.66,140219.64,QDK96K
114,SUB-SAHARAN AFRICA,eritrea,Cereal,Offline,C,03-09-2014,775076282,19-09-2014,1150,205.7,117.11,236555,134676.5,101878.5,GA7G2G
115,Sub-Saharan Africa,Swaziland,Office Supplies,Online,H,05-09-2015,229571187,2015-09-18,4071,651.21,524.96,2651075.91,2137112.16,513963.75,R7LU5E
116,Asia,  Vietnam  ,Baby Food,Online,C,2011-06-20,881974112,2011-07-11,4594,255.28,159.42,1172756.32,732375.48,440380.84,7CYWI3
117,Australia And Oceania,marshall islands,Snacks,Online,L,2012-01-12,521396386,2012-02-14,1632,152.58,97.44,249010.56,159022.08,89988.48,2FKPM1
118,Asia,Taiwan,Household,Online,C,2017-01-23,607261836,2017-02-22,1127,668.27,502.54,753140.29,566362.58,186777.71,F0KNLZ
119,EUROPE,IRELAND,Vegetables,Online,M,2012-03-04,419306790,12-03-2012,1052,154.06,90.93,162071.12,95658.36,66412.76,OORQT1
120,Sub-Saharan Africa,Rwanda,Meat,Offline,H,2010-07-18,207580077,2010-07-18,6413,421.89,364.69,2705580.57,2338756.97,366823.6,IR97X0
121,europe,Sweden,Snacks,Online,M,04/12/2011,742443025,2011-04-15,4245,152.58,97.44,647702.1,413632.8,234069.3,M4RQA2
122,SUB-SAHARAN AFRICA,Gabon,Snacks,Offline,M,2010-10-03,164569461,05-10-2010,8615,152.58,97.44,1314476.7,839445.6,475031.1,P3K169
123,SUB-SAHARAN AFRICA,South Africa,Baby Food,Online,L,2013-12-29,734945714,02/12/2014,5624,255.28,159.42,1435694.72,896578.08,539116.64,251QOW
124,Europe,united kingdom,Clothes,Offline,C,09/19/2015,284870612,07-10-2015,8399,109.28,35.84,917842.72,301020.16,616822.56,GD31MD
125,europe,Albania,Fruits,Offline,M,2011-09-17,765955483,2011-10-07,2104,9.33,6.92,19630.32,14559.68,5070.64,O2D7L0
126,Asia,malaysia,Snacks,Offline,H,03/11/2010,600124156,21-04-2010,8929,152.58,97.44,1362386.82,870041.76,492345.06,BIVORJ
127,sub-saharan africa,GHANA,Household,Offline,L,10-11-2012,529612958,2012-12-11,3098,668.27,502.54,2070300.46,1556868.92,513431.54,VNLLRF
128,central america and the caribbean,CUBA,Clothes,Offline,H,2011-02-16,466970717,03/18/2011,5867,109.28,35.84,641145.76,210273.28,430872.48,2IZJBF
129,  Central America and the Caribbean  ,  Saint Lucia  ,Cosmetics,Online,C,2012-08-13,845058763,2012-09-22,522,437.2,263.33,228218.4,137458.26,90760.14,O76TT9
130,EUROPE,ROMANIA,Snacks,Offline,L,2014-08-28,367050921,08/31/2014,7379,152.58,97.44,1125887.82,719009.76,406878.06,H8LJAG
131,europe,Portugal,Office Supplies,Online,L,2015-08-19,956433522,09/12/2015,8788,651.21,524.96,5722833.48,4613348.48,1109485,11DL4R
132,  Europe  ,MACEDONIA,Beverages,Online,C,2011-03-20,107005393,2011-05-04,4129,47.45,31.79,195921.05,131260.91,64660.14,5DR3OT
133,  Asia  ,China,Beverages,Offline,C,2013-04-16,332877862,07-05-2013,4811,47.45,31.79,228281.95,152941.69,75340.26,R94RAU
134,europe,  Germany  ,Baby Food,Online,L,2015-11-13,618474757,2015-12-31,9279,255.28,159.42,2368743.12,1479258.18,889484.94,JFJRWE
135,EUROPE,IRELAND,Household,Online,M,2014-01-10,468532407,02/11/2014,8006,668.27,502.54,5350169.62,4023335.24,1326834.38,4HYPP3
136,Europe,  Poland  ,Office Supplies,Offline,M,2015-04-09,358099639,29-04-2015,8496,651.21,524.96,5532680.16,4460060.16,1072620,GLVCVV
137,Sub-Saharan Africa,Namibia,Household,Online,H,2013-01-07,382537782,01/27/2013,285,668.27,502.54,190456.95,143223.9,47233.05,SPPYOS
138,Asia,Uzbekistan,Personal Care,Offline,H,2013-02-12,707520663,15-03-2013,9942,81.73,56.67,812559.66,563413.14,249146.52,FQL4XY
139,Sub-Saharan Africa,Zimbabwe,Meat,Online,M,2014-11-28,219034612,2014-12-10,6064,421.89,364.69,2558340.96,2211480.16,346860.8,JJ4WRF
140,asia,MONGOLIA,Meat,Offline,M,2015-01-03,573378455,2015-01-17,4281,421.89,364.69,1806111.09,1561237.89,244873.2,VROYIR
141,europe,  Norway  ,Personal Care,Online,H,03-02-2011,347163522,03/22/2011,2256,81.73,56.67,184382.88,127847.52,56535.36,R8239Z
142,MIDDLE EAST AND NORTH AFRICA,  Oman  ,Snacks,Offline,M,2013-04-09,887313640,04/21/2013,4679,152.58,97.44,713921.82,455921.76,258000.06,LM15PG
143,Europe,serbia,Cosmetics,Online,H,26-07-2017,461065137,08/19/2017,8275,437.2,263.33,3617830,2179055.75,1438774.25,7DYAM0
144,sub-saharan africa,  Democratic Republic of the Congo  ,Fruits,Offline,H,2017-04-15,105966842,2017-05-19,6798,9.33,6.92,63425.34,47042.16,16383.18,B4TAKX
145,  Europe  ,bulgaria,Baby Food,Online,M,2014-05-16,479880082,2014-05-23,6035,255.28,159.42,1540614.8,962099.7,578515.1,JRRWT1
146,ASIA,brunei,Baby Food,Online,H,08/12/2015,510978686,2015-09-30,8803,255.28,159.42,2247229.84,1403374.26,843855.58,NTBNFA
147,Europe,serbia,Snacks,Offline,C,2013-09-20,547748982,10/14/2013,9951,152.58,97.44,1518323.58,969625.44,548698.14,BW2NZ8
148,sub-saharan africa,  Ghana  ,Cereal,Offline,M,10/31/2013,108989799,09-12-2013,1358,205.7,117.11,279340.6,159035.38,120305.22,ZTFZGH
149,sub-saharan africa,malawi,Cereal,Offline,M,2014-07-30,133812463,08/09/2014,6936,205.7,117.11,1426735.2,812274.96,614460.24,DMGXSC
150,SUB-SAHARAN AFRICA,ZIMBABWE,Fruits,Offline,L,2011-11-12,731640803,2011-12-30,7627,9.33,6.92,71159.91,52778.84,18381.07,OQZGU2
151,  Europe  ,  Cyprus  ,Snacks,Offline,C,2010-03-25,732211148,14-04-2010,6405,152.58,97.44,977274.9,624103.2,353171.7,BIVORJ
152,Central America and the Caribbean,NICARAGUA,Cereal,Online,M,04-07-2011,835572326,2011-08-08,3274,205.7,117.11,673461.8,383418.14,290043.66,9WK90K
153,Europe,estonia,,Offline,C,01/01/2011,462085664,15-01-2011,271,255.28,159.42,69180.88,43202.82,25978.06,V033FE
154,EUROPE,Estonia,Clothes,Online,C,2016-06-16,902424991,07/04/2016,6463,109.28,35.84,706276.64,231633.92,474642.72,8QFLZ0
155,  Europe  ,lithuania,Fruits,Offline,H,2013-12-17,367576634,05-01-2014,2949,9.33,6.92,27514.17,20407.08,7107.09,XP1ZQ4
156,Sub-Saharan Africa,REPUBLIC OF THE CONGO,Meat,Offline,H,01-03-2017,738839423,2017-03-31,7859,421.89,364.69,3315633.51,2866098.71,449534.8,6WXDCI
157,Europe,Czech Republic,Baby Food,Online,C,2010-07-02,817824685,27-07-2010,1353,255.28,159.42,345393.84,215695.26,129698.58,TFAOZY
158,  Sub-Saharan Africa  ,Cameroon,Snacks,Online,C,16-07-2013,376456248,01-08-2013,624,152.58,97.44,95209.92,60802.56,34407.36,KLI8DX
159,Asia,Vietnam,Office Supplies,Online,H,2016-08-16,606970441,16-09-2016,4897,651.21,524.96,3188975.37,2570729.12,618246.25,QYSWPX
160,Europe,MOLDOVA ,Meat,Offline,L,2014-12-16,971916091,19-01-2015,424,421.89,364.69,178881.36,154628.56,24252.8,IOZ4PH
161,MIDDLE EAST AND NORTH AFRICA,bahrain,Office Supplies,Offline,L,2012-05-14,554154527,2012-05-15,5494,651.21,524.96,3577747.74,2884130.24,693617.5,HWHSLW
162,  Europe  ,Hungary,Household,Online,L,2017-07-18,306859576,2017-07-19,5423,668.27,502.54,3624028.21,2725274.42,898753.79,JKDZXN
163,  Australia and Oceania  ,Marshall Islands,Personal Care,Offline,L,2017-07-09,803517568,07/21/2017,7559,81.73,56.67,617797.07,428368.53,189428.54,EL0TW0
164,Middle East and North Africa,IRAQ,Office Supplies,Online,C,09/30/2011,887927329,02-10-2011,6283,651.21,524.96,4091552.43,3298323.68,793228.75,QJ10BF
165,Europe,ALBANIA,Vegetables,Online,H,2015-11-24,824200189,11/26/2015,8006,154.06,90.93,1233404.36,727985.58,505418.78,PT683O
166,sub-saharan africa,Lesotho,Office Supplies,Online,H,2012-08-14,946759974,09/14/2012,6170,651.21,524.96,4017965.7,3239003.2,778962.5,0P9GBA
167,MIDDLE EAST AND NORTH AFRICA,LEBANON,Clothes,Offline,H,06-12-2015,310343015,2015-12-28,6249,109.28,35.84,682890.72,223964.16,458926.56,O5HF7R
168,Europe,Hungary,Vegetables,Online,C,25-05-2014,739998137,2014-07-09,748,154.06,90.93,115236.88,68015.64,47221.24,RA2QIL
169,Asia,Japan,Beverages,Online,H,2012-10-18,981086671,21-11-2012,4203,47.45,31.79,199432.35,133613.37,65818.98,UZ7T1P
170,europe,Georgia,Office Supplies,Offline,L,2013-03-13,749282443,2013-03-25,8180,651.21,524.96,5326897.8,4294172.8,1032725,IY05WI
171,EUROPE,Estonia,Office Supplies,Online,C,02/23/2011,280571782,11-03-2011,6280,651.21,524.96,4089598.8,3296748.8,792850,K9L9QJ
172,EUROPE,Luxembourg,Household,Online,C,2014-08-15,781253516,2014-09-01,9131,668.27,502.54,6101973.37,4588692.74,1513280.63,2JNQ70
173,Sub-Saharan Africa,Swaziland,Personal Care,Online,H,2017-07-06,377938973,2017-07-11,9396,81.73,56.67,767935.08,532471.32,235463.76,8PIBFX
174,  Europe  ,Romania,Clothes,Offline,C,2010-12-31,867551982,03-01-2011,6765,109.28,35.84,739279.2,242457.6,496821.6,WM0G2F
175,SUB-SAHARAN AFRICA,ethiopia,Personal Care,Offline,C,2010-01-13,967328870,2010-01-15,2964,81.73,56.67,242247.72,167969.88,74277.84,KM2WVI
176,Sub-Saharan Africa,chad,Office Supplies,Offline,C,09/17/2011,364818465,2011-10-16,6746,651.21,524.96,4393062.66,3541380.16,851682.5,3L2XLS
177,  Middle East and North Africa  ,MOROCCO,Office Supplies,Online,C,2014-03-08,167882096,2014-03-31,8898,651.21,524.96,5794466.58,4671094.08,1123372.5,T7GK01
178,NORTH AMERICA,Mexico,Clothes,Online,H,2012-11-18,654693591,2012-12-01,7237,109.28,35.84,790859.36,259374.08,531485.28,QSIIZO
179,Sub-Saharan Africa,nigeria,Personal Care,Offline,H,2011-11-18,823739278,2011-12-29,1612,81.73,56.67,131748.76,91352.04,40396.72,HUC1RY
180,Central America and the Caribbean,TRINIDAD AND TOBAGO,Beverages,Offline,L,07/12/2012,643817985,19-08-2012,8904,47.45,31.79,422494.8,283058.16,139436.64,UFJ7FE
181,  Europe  ,  Moldova   ,Personal Care,Offline,H,03/30/2017,604041039,2017-05-15,8022,81.73,56.67,655638.06,454606.74,201031.32,RLJGUW
182,australia and oceania,solomon islands,Personal Care,Online,H,07/26/2010,363832271,12-09-2010,4909,81.73,56.67,401212.57,278193.03,123019.54,0W76N8
183,ASIA,INDIA,Personal Care,Online,L,2015-12-24,102928006,2016-01-31,7539,81.73,56.67,616162.47,427235.13,188927.34,5GQ3VW
184,sub-saharan africa,Burkina Faso,Office Supplies,Offline,M,2016-05-15,971377074,2016-05-15,917,651.21,524.96,597159.57,481388.32,115771.25,FQ8QZ9
185,Australia And Oceania,Kiribati,Meat,Online,L,03-11-2010,139540803,04-12-2010,2079,421.89,364.69,877109.31,758190.51,118918.8,2IZJBF
186,  Middle East and North Africa  ,  Israel  ,Meat,Offline,M,01-12-2010,248093020,2010-12-16,5093,421.89,364.69,2148685.77,1857366.17,291319.6,DF99GJ
187,Sub-Saharan Africa,Comoros,Snacks,Offline,L,2014-01-16,858020055,17-01-2014,6056,152.58,97.44,924024.48,590096.64,333927.84,VOSZ4H
188,  Middle East and North Africa  ,Iran,Baby Food,Offline,H,2014-12-11,700620734,01/05/2015,8099,255.28,159.42,2067512.72,1291142.58,776370.14,GD31MD
189,Asia,Vietnam,Cosmetics,Offline,L,12/24/2016,827506387,2017-01-30,6384,437.2,263.33,2791084.8,1681098.72,1109986.08,8SMCMR
190,Central America and the Caribbean,belize,Household,Online,M,2013-03-21,560600841,14-04-2013,3101,668.27,502.54,2072305.27,1558376.54,513928.73,0E5U99
191,Europe,belarus,Personal Care,Offline,H,2012-12-08,642140424,16-01-2013,2476,81.73,56.67,202363.48,140314.92,62048.56,JJ4WRF
192,  North America  ,united states of america,Baby Food,Offline,C,13-02-2015,984673964,03/05/2015,5763,255.28,159.42,1471178.64,918737.46,552441.18,VB2HUZ
193,Europe,Poland,Beverages,Online,L,2012-03-28,221062791,2012-04-18,6247,47.45,31.79,296420.15,198592.13,97828.02,OQZGU2
194,North America,CANADA,Vegetables,Offline,L,2016-10-07,654480731,2016-11-08,4247,154.06,90.93,654292.82,386179.71,268113.11,T9M3JZ
195,Middle East and North Africa,  Israel  ,Beverages,Offline,C,12/15/2011,608414113,2011-12-23,2111,47.45,31.79,100166.95,67108.69,33058.26,UQAKRZ
196,  Middle East and North Africa  ,  Lebanon  ,Household,Online,L,2016-03-08,276661765,04/20/2016,9219,668.27,502.54,6160781.13,4632916.26,1527864.87,CZSP65
197,europe,ANDORRA,Baby Food,Online,L,2011-01-18,373335015,2011-02-28,6982,255.28,159.42,1782364.96,1113070.44,669294.52,7X9G6O
198,Europe,Slovakia,Clothes,Online,L,04/11/2013,782857692,2013-05-28,3843,109.28,35.84,419963.04,137733.12,282229.92,P4HS7T
199,Sub-Saharan Africa,liberia,Fruits,Online,H,05/18/2010,109966123,06/05/2010,274,9.33,6.92,2556.42,1896.08,660.34,N1COFL
200,  Central America and the Caribbean  ,Antigua and Barbuda,Cereal,Offline,M,2017-06-05,629709136,2017-06-06,3782,205.7,117.11,777957.4,442910.02,335047.38,IOZ4PH
201,  Asia  ,China,Personal Care,Online,L,2012-09-11,637448060,2012-09-15,3901,81.73,56.67,318828.73,221069.67,97759.06,OQZGU2
202,Sub-Saharan Africa,Niger,Baby Food,Online,H,2017-03-08,298856723,2017-04-03,7200,255.28,159.42,1838016,1147824,690192,R7LU5E
203,Europe,United Kingdom,Household,Offline,L,2015-01-28,299921452,,2278,668.27,502.54,1522319.06,1144786.12,377532.94,TACP6F
204,  Asia  ,Bangladesh,Personal Care,Offline,M,2010-07-26,496941077,2010-07-29,4763,81.73,56.67,389279.99,269919.21,119360.78,4BOB40
205,asia,myanmar,Snacks,Online,L,2016-06-24,366526925,2016-07-14,2317,152.58,97.44,353527.86,225768.48,127759.38,IM4P05
206,australia and oceania,tonga,Meat,Offline,M,08/18/2012,355602824,2012-09-15,9633,421.89,364.69,4064066.37,3513058.77,551007.6,DNH9MA
207,Sub-Saharan Africa,Guinea-Bissau,Vegetables,Online,C,03/11/2010,531405103,2010-04-19,3434,154.06,90.93,529042.04,312253.62,216788.42,JGQ7JC
208,australia and oceania,NAURU,Vegetables,Offline,M,2010-01-14,131482589,2010-01-20,7475,154.06,90.93,1151598.5,679701.75,471896.75,D61SYS
209,Sub-Saharan Africa,  Swaziland  ,Cereal,Online,L,2014-02-10,713696610,2014-03-28,7542,205.7,117.11,1551389.4,883243.62,668145.78,5DR3OT
210,Europe,Finland,Vegetables,Online,C,01/21/2014,306220996,2014-01-30,6452,154.06,90.93,993995.12,586680.36,407314.76,51ZY50
211,Australia And Oceania,  Papua New Guinea  ,Household,Offline,L,28-02-2010,157542073,2010-03-15,9055,668.27,502.54,6051184.85,4550499.7,1500685.15,5NDR1A
212,  Sub-Saharan Africa  ,mauritius ,Personal Care,Online,L,2015-02-18,686458671,2015-03-08,7230,81.73,56.67,590907.9,409724.1,181183.8,0FQQB8
213,Sub-Saharan Africa,mozambique,Office Supplies,Online,M,06/14/2012,132082116,2012-07-22,4888,651.21,524.96,3183114.48,2566004.48,617110,8QQBR6
214,  Europe  ,bulgaria,Clothes,Online,L,2013-03-05,403836238,03-04-2013,2972,109.28,35.84,324780.16,106516.48,218263.68,AO4NL7
215,europe,Spain,Household,Online,C,2014-04-10,331457364,2014-04-23,4455,668.27,502.54,2977142.85,2238815.7,738327.15,K5VGAN
216,  Australia and Oceania  ,Vanuatu,Meat,Online,H,07/26/2017,614994323,2017-09-12,9341,421.89,364.69,3940874.49,3406569.29,534305.2,WBTL8F
217,Europe,Belgium,Fruits,Offline,L,19-10-2010,674808442,2010-10-24,9669,9.33,6.92,90211.77,66909.48,23302.29,HWHSLW
218,  Europe  ,belgium,Baby Food,Offline,L,2016-11-08,901573550,2016-12-23,4503,255.28,159.42,1149525.84,717868.26,431657.58,OMDFMJ
219,SUB-SAHARAN AFRICA,GUINEA-BISSAU,Clothes,Online,L,2014-03-31,406275975,10-05-2014,4944,109.28,35.84,540280.32,177192.96,363087.36,CKFSN7
220,Sub-Saharan Africa,Togo,Vegetables,Online,C,2016-08-18,170214545,2016-08-19,9121,154.06,90.93,1405181.26,829372.53,575808.73,8QQBR6
221,Sub-Saharan Africa,Cote D'Ivoire,Personal Care,Offline,C,2016-01-03,795000588,01/08/2016,7196,81.73,56.67,588129.08,407797.32,180331.76,9WK90K
222,SUB-SAHARAN AFRICA,  Republic of the Congo  ,Fruits,Offline,C,2016-10-21,252557933,2016-11-04,6360,9.33,6.92,59338.8,44011.2,15327.6,7D2ZTU
223,Middle East and North Africa,Libya,Baby Food,Offline,M,10-12-2016,635122907,2016-12-13,5837,255.28,159.42,1490069.36,930534.54,559534.82,Y5GM2S
224,Australia And Oceania,  East Timor  ,Vegetables,Online,C,2011-08-12,505244338,2011-09-19,1882,154.06,90.93,289940.92,171130.26,118810.66,WAXB98
225,Europe,switzerland,Clothes,Offline,H,23-03-2012,745783555,05/09/2012,2782,109.28,35.84,304016.96,99706.88,204310.08,Y17EIO
226,Australia And Oceania,  Palau  ,Snacks,Offline,M,2012-04-27,509914386,11-06-2012,3853,152.58,97.44,587890.74,375436.32,212454.42,OUM4DU
227,Middle East And North Africa,JORDAN,Household,Online,M,2014-01-29,371123158,02/09/2014,2445,668.27,502.54,1633920.15,1228710.3,405209.85,Y8SC3H
228,europe,SLOVENIA,Household,Online,H,2016-12-13,973208701,28-12-2016,2936,668.27,502.54,1962040.72,1475457.44,486583.28,JSDRH6
229,  Asia  ,SOUTH KOREA,Baby Food,Online,L,2013-11-21,780282342,2013-12-27,1739,255.28,159.42,443931.92,277231.38,166700.54,FY96BR
230,Europe,NORWAY,Clothes,Online,H,2010-04-07,126767909,2010-05-22,2296,109.28,35.84,250906.88,82288.64,168618.24,SEMWW7
231,Middle East And North Africa,Afghanistan,Baby Food,Online,M,07/08/2012,767401731,30-07-2012,80,255.28,159.42,20422.4,12753.6,7668.8,OQZGU2
232,Asia,  Bangladesh  ,Personal Care,Online,L,2016-10-15,927232635,2016-11-24,7597,81.73,56.67,620902.81,430521.99,190380.82,368NHE
233,Sub-Saharan Africa,Guinea,Meat,Offline,M,18-09-2012,251621949,2012-10-20,9381,421.89,364.69,3957750.09,3421156.89,536593.2,NS1THC
234,Central America And The Caribbean,CUBA,Office Supplies,Offline,H,02-07-2017,256243503,07/23/2017,7002,651.21,524.96,4559772.42,3675769.92,884002.5,S7W9B4
235,  Europe  ,Russia,Cosmetics,Offline,C,2011-07-21,277083623,09/02/2011,4056,437.2,263.33,1773283.2,1068066.48,705216.72,2PQF0R
236,SUB-SAHARAN AFRICA,Seychelles ,Vegetables,Offline,L,2010-06-01,620441138,06/22/2010,1175,154.06,90.93,181020.5,106842.75,74177.75,0W76N8
237,asia,south korea,Office Supplies,Offline,M,2015-07-26,312927377,2015-09-07,1020,651.21,524.96,664234.2,535459.2,128775,OUM4DU
238,Sub-Saharan Africa,Ghana,Baby Food,Offline,L,2010-08-06,251466166,2010-09-08,3282,255.28,159.42,837828.96,523216.44,314612.52,GKJ84O
239,Central America and the Caribbean,costa rica,Office Supplies,Online,H,20-06-2010,953293836,2010-07-22,9685,651.21,524.96,6306968.85,5084237.6,1222731.25,W9YIPF
240,europe,Romania,Cereal,Online,C,2012-04-08,305959212,04/23/2012,8985,205.7,117.11,1848214.5,1052233.35,795981.15,8SMCMR
241,  Europe  ,CZECH REPUBLIC,Cereal,Online,L,2014-02-27,317323625,24-03-2014,1967,205.7,117.11,404611.9,230355.37,174256.53,N9J4Q7
242,EUROPE,  Liechtenstein  ,Household,Offline,L,07/25/2011,365560901,01-09-2011,6449,668.27,502.54,4309673.23,3240880.46,1068792.77,MMPXRX
243,Sub-Saharan Africa,Seychelles,Baby Food,Online,M,2016-02-18,349157369,04/05/2016,2279,255.28,159.42,581783.12,363318.18,218464.94,RLJGUW
244,MIDDLE EAST AND NORTH AFRICA,SOMALIA,Baby Food,Online,L,2014-01-24,236911857,02/25/2014,6338,255.28,159.42,1617964.64,1010403.96,607560.68,7T3MP1
245,Australia and Oceania,  Solomon Islands  ,Personal Care,Offline,H,2015-05-10,517935693,2015-06-16,7536,81.73,56.67,615917.28,427065.12,188852.16,Q4D56J
246,  Sub-Saharan Africa  ,Uganda,Clothes,Offline,C,02/13/2012,851652705,27-03-2012,1816,109.28,35.84,198452.48,65085.44,133367.04,PS2KLX
247,Sub-Saharan Africa,Equatorial Guinea,Cereal,Offline,M,2012-09-07,517799222,2012-10-23,7151,205.7,117.11,1470960.7,837453.61,633507.09,KF0QOQ
248,CENTRAL AMERICA AND THE CARIBBEAN,  Costa Rica  ,Office Supplies,Offline,C,2015-02-04,666424071,04-03-2015,8547,651.21,524.96,5565891.87,4486833.12,1079058.75,PIRXV1
249,  Europe  ,  Moldova   ,Fruits,Offline,C,2010-11-16,267888581,2010-12-22,3039,9.33,6.92,28353.87,21029.88,7323.99,67X8K7
250,Sub-Saharan Africa,burkina faso,Vegetables,Online,L,07/20/2011,,2011-07-26,4695,154.06,90.93,723311.7,426916.35,296395.35,NS1THC
251,CENTRAL AMERICA AND THE CARIBBEAN,Guatemala,Beverages,Offline,H,2014-07-26,812344396,2014-08-30,9614,47.45,31.79,456184.3,305629.06,150555.24,7KI8RO
252,SUB-SAHARAN AFRICA,  Swaziland  ,Meat,Online,M,24-08-2014,947620856,2014-09-03,924,421.89,364.69,389826.36,336973.56,52852.8,J1YAMO
253,,maldives,Vegetables,Online,H,02/25/2015,720307290,2015-03-28,3789,154.06,90.93,583733.34,344533.77,239199.57,PT683O
254,ASIA,  Thailand  ,Household,Online,H,2016-09-21,352327525,2016-10-27,399,668.27,502.54,266639.73,200513.46,66126.27,T6F7UZ
255,Sub-Saharan Africa,SUDAN,Household,Online,C,2013-06-28,585917890,2013-07-23,4979,668.27,502.54,3327316.33,2502146.66,825169.67,BCB3QI
256,Central America and the Caribbean,COSTA RICA,Meat,Offline,L,2012-01-05,433627212,2012-02-13,8783,421.89,364.69,3705459.87,3203072.27,502387.6,RRVFTR
257,Europe,Denmark,Beverages,Online,C,01-05-2012,328316819,2012-05-30,5098,47.45,31.79,241900.1,162065.42,79834.68,33FQU4
258,Sub-Saharan Africa,angola,Cereal,Offline,C,2011-10-13,773160541,21-11-2011,4240,205.7,117.11,872168,496546.4,375621.6,D61SYS
259,AUSTRALIA AND OCEANIA,Papua New Guinea,Household,Online,M,04/27/2016,991644704,2016-05-18,8559,668.27,502.54,5719722.93,4301239.86,1418483.07,CZSP65
260,ASIA,north korea,Meat,Online,M,01/19/2014,277568137,2014-02-07,7435,421.89,364.69,3136752.15,2711470.15,425282,FQL4XY
261,Central America and the Caribbean,el salvador,Fruits,Online,C,2016-11-06,245042169,2016-12-15,2278,9.33,6.92,21253.74,15763.76,5489.98,N9J4Q7
262,SUB-SAHARAN AFRICA,burkina faso,Household,Online,M,2011-02-28,778490626,2011-03-24,1531,668.27,502.54,1023121.37,769388.74,253732.63,WQX3NC
263,Middle East and North Africa,  Yemen  ,Baby Food,Online,C,2014-10-11,482649838,11/13/2014,5668,255.28,159.42,1446927.04,903592.56,543334.48,06BYGE
264,  Sub-Saharan Africa  ,Republic Of The Congo,Beverages,Online,L,06/25/2012,732568633,2012-07-05,2193,47.45,31.79,104057.85,69715.47,34342.38,PIRXV1
265,EUROPE,andorra,Household,Online,M,2012-11-06,723608338,2012-11-23,642,668.27,502.54,429029.34,322630.68,106398.66,D65WAQ
266,central america and the caribbean,Dominican Republic,Household,Offline,H,2014-02-24,621442782,14-04-2014,7584,668.27,502.54,5068159.68,3811263.36,1256896.32,4T5MQC
267,Middle East And North Africa,Israel,Baby Food,Offline,M,2015-09-19,212058293,2015-10-06,1616,255.28,159.42,412532.48,257622.72,154909.76,UQAKRZ
268,Australia and Oceania,Solomon Islands,Snacks,Offline,L,2014-03-04,251753699,2014-03-24,8369,152.58,97.44,1276942.02,815475.36,461466.66,6WXDCI
269,  Sub-Saharan Africa  ,LIBERIA,Fruits,Online,M,10/08/2014,217140328,10/30/2014,5503,9.33,6.92,51342.99,38080.76,13262.23,4ISNXB
270,SUB-SAHARAN AFRICA,mali,Vegetables,Online,C,19-06-2012,555142009,2012-07-10,7712,154.06,90.93,1188110.72,701252.16,486858.56,7FXXYP
271,Asia,uzbekistan,Clothes,Online,C,11-11-2010,432995069,2010-12-13,1718,109.28,35.84,187743.04,61573.12,126169.92,3V980L
272,Middle East And North Africa,Tunisia,Personal Care,Offline,H,01-11-2010,888248336,2010-11-07,1276,81.73,56.67,104287.48,72310.92,31976.56,06BYGE
273,  Europe  ,Vatican City,Vegetables,Online,C,2014-04-28,778763139,2014-05-09,2173,154.06,90.93,334772.38,197590.89,137181.49,2JNQ70
274,SUB-SAHARAN AFRICA,DJIBOUTI,Snacks,Offline,H,22-12-2012,832713305,2013-02-09,7227,152.58,97.44,1102695.66,704198.88,398496.78,06BYGE
275,  Europe  ,ukraine,Household,Offline,M,2014-08-25,498585164,2014-09-29,1285,668.27,502.54,858726.95,645763.9,212963.05,GUUMSN
276,AUSTRALIA AND OCEANIA,East Timor,Fruits,Offline,M,26-11-2016,195177543,12/23/2016,6227,9.33,6.92,58097.91,43090.84,15007.07,LM15PG
277,Sub-Saharan Africa,  Uganda  ,Cereal,Online,C,2010-10-20,861601769,2010-12-02,5965,205.7,117.11,1227000.5,698561.15,528439.35,51ZY50
278,Sub-Saharan Africa,Guinea,Meat,Online,H,2014-12-18,807281672,01/26/2015,1441,421.89,364.69,607943.49,525518.29,82425.2,06BYGE
279,Sub-Saharan Africa,Equatorial Guinea,Clothes,Offline,H,2011-03-20,661953580,2011-04-24,5629,109.28,35.84,615137.12,201743.36,413393.76,3MPVLN
280,Europe,  Malta  ,Cosmetics,Online,M,2016-07-12,225666320,21-08-2016,8534,437.2,263.33,3731064.8,2247258.22,1483806.58,12AL63
281,Europe,  Cyprus  ,Household,Offline,L,2011-01-26,718781220,2011-02-19,2191,668.27,502.54,1464179.57,1101065.14,363114.43,CQCH4G
282,europe,czech republic,Office Supplies,Online,L,2010-02-24,731972110,15-04-2010,5668,651.21,524.96,3691058.28,2975473.28,715585,Z46LAA
283,Middle East And North Africa,Libya,Vegetables,Online,C,01/02/2015,276225316,2015-02-09,64,154.06,90.93,9859.84,5819.52,4040.32,6C1NT6
284,Asia,  Vietnam  ,Office Supplies,Offline,C,2016-07-26,332839667,07/27/2016,3509,651.21,524.96,2285095.89,1842084.64,443011.25,N1COFL
285,MIDDLE EAST AND NORTH AFRICA,JORDAN,,Online,C,2014-06-01,603426492,2014-06-15,6163,154.06,90.93,949471.78,560401.59,389070.19,BND1KP
286,Sub-Saharan Africa,MALI,Beverages,Offline,H,2012-12-21,859909617,2013-01-29,5220,47.45,31.79,247689,165943.8,81745.2,NS1THC
287,EUROPE,  Czech Republic  ,Household,Online,L,2010-02-27,494525372,2010-03-02,9902,668.27,502.54,6617209.54,4976151.08,1641058.46,S7W9B4
288,Europe,Slovakia,Vegetables,Online,M,04/24/2016,769822585,15-05-2016,6465,154.06,90.93,995997.9,587862.45,408135.45,LT9M32
289,sub-saharan africa,  Zimbabwe  ,Vegetables,Offline,C,2012-07-22,768662583,2012-08-10,3195,154.06,90.93,492221.7,290521.35,201700.35,EIRW4H
290,CENTRAL AMERICA AND THE CARIBBEAN,HONDURAS,Cereal,Online,M,2015-02-22,544219195,2015-03-09,5409,205.7,117.11,1112631.3,633447.99,479183.31,12AL63
291,europe,SWITZERLAND,Beverages,Offline,L,2011-02-10,669978749,2011-03-20,455,47.45,31.79,21589.75,14464.45,7125.3,F0KNLZ
292,sub-saharan africa,  South Africa  ,Cosmetics,Offline,L,2015-01-21,889740073,2015-01-26,2715,437.2,263.33,1186998,714940.95,472057.05,PT683O
293,Sub-Saharan Africa,uganda,Beverages,Online,M,2012-05-10,567614495,28-06-2012,8598,47.45,31.79,407975.1,273330.42,134644.68,QSIIZO
294,MIDDLE EAST AND NORTH AFRICA,IRAN,Vegetables,Offline,M,16-12-2015,938025844,2016-01-21,1547,154.06,90.93,238330.82,140668.71,97662.11,D61SYS
295,MIDDLE EAST AND NORTH AFRICA,ALGERIA,Vegetables,Online,C,25-02-2017,155710446,25-02-2017,7036,154.06,90.93,1083966.16,639783.48,444182.68,7T3MP1
296,Sub-Saharan Africa,Central African Republic,Baby Food,Online,L,2012-01-31,945717132,02/13/2012,7570,255.28,159.42,1932469.6,1206809.4,725660.2,9H9LEM
297,CENTRAL AMERICA AND THE CARIBBEAN,The Bahamas,Cosmetics,Offline,C,02/07/2013,253407227,15-02-2013,7685,437.2,263.33,3359882,2023691.05,1336190.95,A0J9WN
298,sub-saharan africa,south africa,Household,Offline,H,2014-09-14,494454562,09/22/2014,8948,668.27,502.54,5979679.96,4496727.92,1482952.04,FVLUX9
299,SUB-SAHARAN AFRICA,Benin,Cereal,Online,M,2012-06-05,104845464,2012-07-24,4957,205.7,117.11,1019654.9,580514.27,439140.63,BQHRAN
300,  Europe  ,Hungary,Cosmetics,Online,M,2014-04-05,290878760,2014-04-07,6344,437.2,263.33,2773596.8,1670565.52,1103031.28,T86HTU
301,EUROPE,AUSTRIA,Office Supplies,Offline,C,2014-02-02,979165780,2014-02-10,5768,651.21,524.96,3756179.28,3027969.28,728210,55H0RI
302,asia,tajikistan,Office Supplies,Offline,C,01-09-2010,366630351,2010-10-12,2923,651.21,524.96,1903486.83,1534458.08,369028.75,GKTGYF
303,europe,portugal,Office Supplies,Online,C,2011-05-17,770508801,2011-06-25,9532,651.21,524.96,6207333.72,5003918.72,1203415,NFBJIW
304,Europe,  Belgium  ,Beverages,Offline,M,21-04-2013,978349959,2013-05-21,4349,47.45,31.79,206360.05,138254.71,68105.34,HUC1RY
305,Europe,slovenia,Beverages,Offline,L,08/10/2014,298015153,2014-08-14,8161,47.45,31.79,387239.45,259438.19,127801.26,P06Y3L
306,Europe,Czech Republic,Snacks,Online,M,2010-09-19,807678210,2010-10-30,8786,152.58,97.44,1340567.88,856107.84,484460.04,OORQT1
307,australia and oceania,  Marshall Islands  ,Personal Care,Offline,C,2013-04-13,605825459,2013-05-14,6071,81.73,56.67,496182.83,344043.57,152139.26,UL76JI
308,SUB-SAHARAN AFRICA,  Sudan  ,Fruits,Online,C,28-01-2016,561255729,02/01/2016,6897,9.33,6.92,64349.01,47727.24,16621.77,FFXZV3
309,Central America and the Caribbean,DOMINICAN REPUBLIC,Clothes,Online,H,2013-12-09,263080346,2013-12-14,175,109.28,35.84,19124,6272,12852,0U31UX
310,sub-saharan africa,  Tanzania  ,Cereal,Offline,C,2014-02-21,270723140,2014-03-09,1848,205.7,117.11,380133.6,216419.28,163714.32,7T3MP1
311,europe,  Switzerland  ,Clothes,Offline,H,2017-06-09,763920438,10-07-2017,9888,109.28,35.84,1080560.64,354385.92,726174.72,6GC9F7
312,North America,GREENLAND,Household,Online,L,2014-04-17,192721068,2014-05-20,9302,668.27,502.54,6216247.54,4674627.08,1541620.46,0DTGWO
313,  Australia and Oceania  ,Tonga,Fruits,Offline,L,05/20/2011,227486360,2011-06-08,7124,9.33,6.92,66466.92,49298.08,17168.84,8D8GLT
314,  Middle East and North Africa  ,  Saudi Arabia  ,Vegetables,Online,M,28-08-2012,808890140,2012-09-22,7422,154.06,90.93,1143433.32,674882.46,468550.86,ZNGMLQ
315,central america and the caribbean,belize,Cosmetics,Offline,C,2015-07-25,597918736,09/11/2015,6296,437.2,263.33,2752611.2,1657925.68,1094685.52,E9QFF2
316,SUB-SAHARAN AFRICA,angola,Cosmetics,Online,H,2014-10-27,125870978,11/20/2014,6874,437.2,263.33,3005312.8,1810130.42,1195182.38,8QFLZ0
317,asia,  Malaysia  ,Household,Online,H,18-10-2013,444358193,10/21/2013,4319,668.27,502.54,2886258.13,2170470.26,715787.87,0WTJG0
318,Sub-Saharan Africa,ethiopia,Beverages,Online,C,2013-02-15,875304210,2013-03-12,822,47.45,31.79,39003.9,26131.38,12872.52,51ZY50
319,North America,greenland,Baby Food,Offline,C,2014-07-08,360945355,08/16/2014,607,255.28,159.42,154954.96,96767.94,58187.02,G1J5FK
320,Sub-Saharan Africa,  Benin  ,Cereal,Offline,C,12/12/2016,613830459,2017-01-16,4928,205.7,117.11,1013689.6,577118.08,436571.52,JCH5IZ
321,Middle East And North Africa,YEMEN,Cereal,Offline,H,2012-11-24,266820847,2012-12-10,7073,205.7,117.11,1454916.1,828319.03,626597.07,TEYPEU
322,  Sub-Saharan Africa  ,rwanda,Baby Food,Offline,M,2014-11-03,723090350,2014-11-27,7358,255.28,159.42,1878350.24,1173012.36,705337.88,MMPXRX
323,sub-saharan africa,Mauritania,Meat,Offline,M,2013-08-03,306125295,2013-08-15,8132,421.89,364.69,3430809.48,2965659.08,465150.4,D7XSNI
324,  Australia and Oceania  ,  New Zealand  ,Personal Care,Online,L,2012-05-23,109724509,16-06-2012,8775,81.73,56.67,717180.75,497279.25,219901.5,P3K169
325,AUSTRALIA AND OCEANIA,Samoa ,Clothes,Offline,M,2015-07-22,847999322,2015-08-06,699,109.28,35.84,76386.72,25052.16,51334.56,O6PGTP
326,Australia and Oceania,FIJI,Clothes,Online,H,2017-02-01,605373561,2017-03-02,2344,109.28,35.84,256152.32,84008.96,172143.36,CYFGG1
327,Sub-Saharan Africa,  Malawi  ,Beverages,Online,H,2012-01-28,686583554,02/22/2012,4186,47.45,31.79,198625.7,133072.94,65552.76,LT9M32
328,australia and oceania,Marshall Islands,Beverages,Offline,M,2015-08-03,666678130,09/21/2015,3729,47.45,31.79,176941.05,118544.91,58396.14,DF99GJ
329,Central America And The Caribbean,grenada,Baby Food,Online,M,2013-06-23,641018617,2013-06-30,508,255.28,159.42,129682.24,80985.36,48696.88,AKQR3K
330,Europe,Luxembourg,Meat,Online,C,2011-08-03,775278842,22-09-2011,1093,421.89,364.69,461125.77,398606.17,62519.6,SREAPH
331,Sub-Saharan Africa,ZIMBABWE,Meat,Offline,M,2016-10-30,855445134,12/06/2016,4080,421.89,364.69,1721311.2,1487935.2,233376,D7XSNI
332,ASIA,china,Vegetables,Online,H,09/05/2010,737816321,21-09-2010,5100,154.06,90.93,785706,463743,321963,VB2HUZ
333,  North America  ,UNITED STATES OF AMERICA,Beverages,Online,L,2013-07-13,799003732,2013-07-14,1815,47.45,31.79,86121.75,57698.85,28422.9,T15OTB
334,SUB-SAHARAN AFRICA,central african republic,Vegetables,Online,L,2012-10-09,585931193,21-11-2012,8916,154.06,90.93,1373598.96,810731.88,562867.08,JUJ21L
335,central america and the caribbean,ANTIGUA AND BARBUDA ,Vegetables,Online,M,03-01-2012,165835034,01/05/2012,3127,154.06,90.93,481745.62,284338.11,197407.51,W1W29F
336,CENTRAL AMERICA AND THE CARIBBEAN,  Guatemala  ,Baby Food,Offline,H,08-02-2012,576264083,2012-03-14,8203,255.28,159.42,2094061.84,1307722.26,786339.58,U63QVR
337,Middle East And North Africa,QATAR,Clothes,Offline,L,2015-01-03,675079667,2015-01-07,9930,109.28,35.84,1085150.4,355891.2,729259.2,KY6AVL
338,MIDDLE EAST AND NORTH AFRICA,Israel,Personal Care,Online,L,13-05-2012,290455615,2012-05-28,1126,81.73,56.67,92027.98,63810.42,28217.56,JSDRH6
339,asia,thailand,Snacks,Offline,L,2012-01-13,670878255,2012-02-15,6639,152.58,97.44,1012978.62,646904.16,366074.46,9QKZJV
340,Asia,SINGAPORE,Cereal,Online,M,2011-07-30,435146415,08/12/2011,8349,205.7,117.11,1717389.3,977751.39,739637.91,7CYWI3
341,ASIA,North Korea,Snacks,Online,C,2017-03-13,522371423,2017-04-08,167,152.58,97.44,25480.86,16272.48,9208.38,0P9GBA
342,Europe,AUSTRIA,Office Supplies,Online,L,23-03-2017,141977107,2017-04-18,3036,651.21,524.96,1977073.56,1593778.56,383295,4HYPP3
343,Asia,JAPAN,Baby Food,Offline,L,03/16/2016,823699796,04/19/2016,9929,255.28,159.42,2534675.12,1582881.18,951793.94,V9BW4Q
344,sub-saharan africa,Zimbabwe,Beverages,Offline,L,2015-12-18,567588317,12/26/2015,851,47.45,31.79,40379.95,27053.29,13326.66,79LNAK
345,Europe,LITHUANIA,Fruits,Offline,H,2011-10-25,594003999,11/16/2011,7838,9.33,6.92,73128.54,54238.96,18889.58,OMDFMJ
346,  Europe  ,  Luxembourg  ,Baby Food,Offline,H,30-06-2011,393620669,2011-08-02,9958,255.28,159.42,2542078.24,1587504.36,954573.88,SEMWW7
347,  Sub-Saharan Africa  ,  Central African Republic  ,Cosmetics,Offline,H,03/27/2016,877424657,04/10/2016,8309,437.2,263.33,3632694.8,2188008.97,1444685.83,LOHKAW
348,EUROPE,  Norway  ,Household,Offline,M,23-12-2016,326714789,2017-01-21,1021,668.27,502.54,682303.67,513093.34,169210.33,5DGWD1
349,  Sub-Saharan Africa  ,Democratic Republic Of The Congo,Fruits,Offline,M,04/18/2013,243102395,2013-04-18,8256,9.33,6.92,77028.48,57131.52,19896.96,52ZVVH
350,australia and oceania,New Zealand,Household,Offline,L,2017-03-08,398511302,20-04-2017,7205,668.27,502.54,4814885.35,3620800.7,1194084.65,O9X52R
351,Europe,UKRAINE,Personal Care,Offline,M,06/03/2011,185177838,04-07-2011,7092,81.73,56.67,579629.16,401903.64,177725.52,D68FQ2
352,asia,Taiwan,Personal Care,Offline,H,2013-11-30,865650832,12/31/2013,4173,81.73,56.67,341059.29,236483.91,104575.38,QJ10BF
353,Europe,Italy,Cereal,Offline,C,05/11/2013,622791612,2013-05-31,6733,205.7,117.11,1384978.1,788501.63,596476.47,SCRE1S
354,  Europe  ,FINLAND,Personal Care,Online,L,11/13/2010,409774005,2010-11-27,89,81.73,56.67,7273.97,5043.63,2230.34,P3K169
355,  Sub-Saharan Africa  ,sudan,Office Supplies,Online,H,2016-03-09,800084340,2016-04-21,1591,651.21,524.96,1036075.11,835211.36,200863.75,ZNGMLQ
356,  Europe  ,  Croatia  ,Snacks,Offline,M,08/19/2013,637521445,2013-09-12,5618,152.58,97.44,857194.44,547417.92,309776.52,DF99GJ
357,  Sub-Saharan Africa  ,  Mauritania  ,Beverages,Online,L,2011-04-19,186196649,2011-05-28,8581,47.45,31.79,407168.45,272789.99,134378.46,RNTZV9
358,australia and oceania,New Zealand,Baby Food,Offline,L,20-07-2014,680533778,25-07-2014,3923,255.28,159.42,1001463.44,625404.66,376058.78,O2P8UK
359,MIDDLE EAST AND NORTH AFRICA,  Pakistan  ,Beverages,Online,L,09/08/2014,275269162,2014-09-15,7117,47.45,31.79,337701.65,226249.43,111452.22,R541YZ
360,Europe,POLAND,Household,Online,C,2015-06-04,795451629,19-06-2015,668,668.27,502.54,446404.36,335696.72,110707.64,D1EB2X
361,EUROPE,lithuania,Cereal,Offline,M,12/19/2013,986442506,2014-01-01,9113,205.7,117.11,1874544.1,1067223.43,807320.67,3MPVLN
362,MIDDLE EAST AND NORTH AFRICA,Pakistan,Cereal,Offline,M,2012-05-18,563915622,2012-06-10,4019,205.7,117.11,826708.3,470665.09,356043.21,S7W9B4
363,Australia And Oceania,east timor,Cosmetics,Offline,C,2013-10-12,663857305,2013-11-13,8984,437.2,263.33,3927804.8,2365756.72,1562048.08,VS9F98
364,AUSTRALIA AND OCEANIA,Marshall Islands,Fruits,Online,L,2011-01-02,692566382,01/14/2011,4638,9.33,6.92,43272.54,32094.96,11177.58,F61JU2
365,  Central America and the Caribbean  ,  Cuba  ,Household,Offline,L,2013-02-02,576654183,2013-02-03,3642,668.27,502.54,2433839.34,1830250.68,603588.66,WJQLGQ
366,North America,greenland,Baby Food,Offline,H,2011-03-19,313044536,2011-04-14,5689,255.28,159.42,1452287.92,906940.38,545347.54,BDG78H
367,Europe,luxembourg,Personal Care,Offline,C,2012-10-03,418973767,27-10-2012,2503,81.73,56.67,204570.19,141845.01,62725.18,77GRNA
368,  Middle East and North Africa  ,Israel,Beverages,Online,C,10/23/2014,581990706,11/15/2014,2838,47.45,31.79,134663.1,90220.02,44443.08,D61SYS
369,SUB-SAHARAN AFRICA,djibouti,Baby Food,Online,H,2015-07-12,109956681,2015-07-24,7480,255.28,159.42,1909494.4,1192461.6,717032.8,R94RAU
370,EUROPE,  Bulgaria  ,Cereal,Online,L,2010-05-06,181045520,2010-05-27,4247,205.7,117.11,873607.9,497366.17,376241.73,N9J4Q7
371,asia,mongolia,Vegetables,Online,C,2010-11-27,693743550,2011-01-09,2988,154.06,90.93,460331.28,271698.84,188632.44,QJ10BF
372,CENTRAL AMERICA AND THE CARIBBEAN,Dominican Republic,Clothes,Offline,L,26-12-2010,716849601,2010-12-31,582,109.28,35.84,63600.96,20858.88,42742.08,SREAPH
373,middle east and north africa,Yemen,Cosmetics,Online,L,2012-12-30,739474999,01-01-2013,5940,437.2,263.33,2596968,1564180.2,1032787.8,VS9F98
374,Australia and Oceania,federated states of micronesia,Personal Care,Online,M,21-08-2016,421043574,09/07/2016,5005,81.73,56.67,409058.65,283633.35,125425.3,GA7G2G
375,europe,Finland,Personal Care,Online,M,2015-02-03,841291654,2015-03-20,5751,81.73,56.67,470029.23,325909.17,144120.06,KM2WVI
376,Central America and the Caribbean,The Bahamas,Cereal,Offline,L,2013-12-19,450268065,2014-01-04,3181,205.7,117.11,654331.7,372526.91,281804.79,XU9TSY
377,CENTRAL AMERICA AND THE CARIBBEAN,  Grenada  ,Meat,Online,L,2012-05-12,918334138,12-06-2012,4334,421.89,364.69,1828471.26,1580566.46,247904.8,T6F7UZ
378,Sub-Saharan Africa,sao tome and principe,Meat,Offline,M,2014-03-28,386163699,04/19/2014,3275,421.89,364.69,1381689.75,1194359.75,187330,Z46LAA
379,Central America and the Caribbean,El Salvador,Personal Care,Offline,C,2017-01-11,214743077,02/18/2017,6103,81.73,56.67,,345857.01,152941.18,G9V61H
380,  Europe  ,  Sweden  ,Baby Food,Online,M,2015-06-21,935371100,07/06/2015,5949,255.28,159.42,1518660.72,948389.58,570271.14,RUN3O8
381,ASIA,Turkmenistan,Cosmetics,Offline,H,2012-11-29,899659097,12/03/2012,7974,437.2,263.33,3486232.8,2099793.42,1386439.38,OESNU6
382,europe,  Monaco  ,Vegetables,Online,H,01/01/2010,329530894,2010-02-13,4369,154.06,90.93,673088.14,397273.17,275814.97,W9YIPF
383,Middle East And North Africa,Turkey,Meat,Online,H,2016-01-06,867222821,06-02-2016,9359,421.89,364.69,3948468.51,3413133.71,535334.8,RZXYTH
384,  Sub-Saharan Africa  ,Mozambique,Beverages,Online,M,2014-10-14,625283706,10/23/2014,4199,47.45,31.79,199242.55,133486.21,65756.34,06BYGE
385,middle east and north africa,Yemen,Office Supplies,Offline,C,2013-12-09,936574876,2014-01-09,2173,651.21,524.96,1415079.33,1140738.08,274341.25,Q4D56J
386,Asia,philippines,Cereal,Offline,M,10/19/2010,504270160,25-11-2010,3601,205.7,117.11,740725.7,421713.11,319012.59,CYFGG1
387,sub-saharan africa,Democratic Republic of the Congo,Personal Care,Offline,M,2011-05-02,351855885,2011-06-02,830,81.73,56.67,67835.9,47036.1,20799.8,BJG7IX
388,Australia And Oceania,fiji,Snacks,Online,H,2011-03-17,673130881,23-03-2011,3241,152.58,97.44,494511.78,315803.04,178708.74,ZXWD72
389,Europe,Macedonia,Office Supplies,Offline,H,2014-09-24,382206475,2014-10-13,2244,651.21,524.96,1461315.24,1178010.24,283305,WAXB98
390,Middle East And North Africa,Tunisia,Cereal,Online,H,01-12-2015,263506495,12/14/2015,6283,205.7,117.11,1292413.1,735802.13,556610.97,F61JU2
391,Europe,LIECHTENSTEIN,Cereal,Offline,L,2017-06-02,721767270,2017-07-18,5829,205.7,117.11,1199025.3,682634.19,516391.11,K9L9QJ
392,middle east and north africa,QATAR,Cosmetics,Online,M,08/04/2011,432037627,2011-08-18,8390,437.2,263.33,3668108,2209338.7,1458769.3,RNTZV9
393,  Australia and Oceania  ,tonga,Meat,Offline,C,2014-07-29,389678895,24-08-2014,3499,421.89,364.69,1476193.11,1276050.31,200142.8,SEMWW7
394,europe,Belgium,Meat,Online,L,2017-01-26,760364902,02/24/2017,7726,421.89,364.69,3259522.14,2817594.94,441927.2,QJ10BF
395,Sub-Saharan Africa,Chad,Fruits,Offline,C,11/05/2010,430081975,2010-12-09,9669,9.33,6.92,90211.77,66909.48,23302.29,E4I06Z
396,Asia,Thailand,Baby Food,Online,H,03/26/2015,155128943,2015-05-05,4957,255.28,159.42,1265422.96,790244.94,475178.02,TEYPEU
397,Europe,Iceland,Clothes,Offline,H,10/07/2012,312117135,2012-10-16,1251,109.28,35.84,136709.28,44835.84,91873.44,9WE0YC
398,  Central America and the Caribbean  ,SAINT LUCIA,Meat,Offline,L,22-07-2013,447970378,09/02/2013,3245,421.89,364.69,1369033.05,1183419.05,185614,0EQP89
399,ASIA,Japan,Cosmetics,Offline,C,2013-08-16,629925000,18-08-2013,7661,437.2,263.33,3349389.2,2017371.13,1332018.07,CZQXNY
400,  Asia  ,INDIA,Personal Care,Offline,L,2013-11-05,995529830,17-12-2013,8254,81.73,56.67,674599.42,467754.18,206845.24,7CYWI3
401,Australia and Oceania,Vanuatu,Office Supplies,Online,L,01-03-2016,402646195,28-03-2016,812,651.21,524.96,528782.52,426267.52,102515,2KOXBO
402,Sub-Saharan Africa,chad,Meat,Offline,M,2012-03-25,479447925,2012-04-04,8150,421.89,364.69,3438403.5,2972223.5,466180,95U37Y
403,Sub-Saharan Africa,malawi,Cosmetics,Offline,H,2017-06-20,674421346,2017-06-29,5118,437.2,263.33,2237589.6,1347722.94,889866.66,B4TAKX
404,EUROPE,Finland,Cosmetics,Online,L,18-04-2014,506365287,05/16/2014,3596,437.2,263.33,1572171.2,946934.68,625236.52,GA7G2G
405,Middle East And North Africa,TURKEY,Clothes,Online,C,2016-06-28,914391076,04-08-2016,7494,109.28,35.84,818944.32,268584.96,550359.36,UP0LEF
406,Sub-Saharan Africa,  South Africa  ,Meat,Online,L,05/20/2012,207922542,2012-07-01,7755,421.89,364.69,3271756.95,2828170.95,443586,S9UFT4
407,Europe,  Lithuania  ,Office Supplies,Offline,M,2014-02-04,816696012,02/16/2014,7353,651.21,524.96,4788347.13,3860030.88,928316.25,8HE5K2
408,EUROPE,  Russia  ,Beverages,Offline,L,11/15/2015,740760314,21-11-2015,6293,47.45,31.79,298602.85,200054.47,98548.38,RUN3O8
409,central america and the caribbean,The Bahamas,Baby Food,Online,C,2013-01-11,300476777,2013-02-28,6610,255.28,159.42,1687400.8,1053766.2,633634.6,HGIO1S
410,Central America And The Caribbean,THE BAHAMAS,Snacks,Online,L,24-04-2013,786519229,07-06-2013,7373,152.58,97.44,1124972.34,718425.12,406547.22,NTBNFA
411,Middle East And North Africa,  Turkey  ,Cosmetics,Offline,C,05/15/2010,409873998,2010-06-03,9679,437.2,263.33,4231658.8,2548771.07,1682887.73,UFJ7FE
412,SUB-SAHARAN AFRICA,MAURITIUS ,Cosmetics,Offline,H,2010-04-17,151839911,2010-05-22,1659,437.2,263.33,725314.8,436864.47,288450.33,CM2GP5
413,EUROPE,  Bulgaria  ,Vegetables,Online,H,2012-08-25,614028298,2012-09-09,3473,154.06,90.93,535050.38,315799.89,219250.49,VS9F98
414,Middle East And North Africa,  Iran  ,Household,Offline,L,2014-04-19,668362987,2014-05-13,2315,668.27,502.54,1547045.05,1163380.1,383664.95,XU9TSY
415,Sub-Saharan Africa,  Ghana  ,Household,Online,M,2013-02-26,607080304,2013-04-05,7408,668.27,502.54,4950544.16,3722816.32,1227727.84,0EQP89
416,  Sub-Saharan Africa  ,  Malawi  ,Baby Food,Online,M,2011-12-28,792729079,2012-01-17,5006,255.28,159.42,1277931.68,798056.52,479875.16,7DYAM0
417,Sub-Saharan Africa,  Zimbabwe  ,Baby Food,Offline,M,2014-08-21,308170640,2014-10-10,3395,255.28,159.42,866675.6,541230.9,325444.7,V033FE
418,  Asia  ,  Tajikistan  ,Vegetables,Online,H,08/21/2014,106578814,02-10-2014,7894,,90.93,1216149.64,717801.42,498348.22,6MRDIT
419,  Europe  ,  Czech Republic  ,Cereal,Online,H,2014-03-02,761439931,2014-03-28,5851,205.7,117.11,1203550.7,685210.61,518340.09,NFBJIW
420,  Sub-Saharan Africa  ,MAURITIUS ,Household,Online,L,2012-09-06,216552817,2012-09-27,1646,668.27,502.54,1099972.42,827180.84,272791.58,JSDRH6
421,sub-saharan africa,  Lesotho  ,Fruits,Online,H,16-09-2010,536028802,22-09-2010,1689,9.33,6.92,15758.37,11687.88,4070.49,KLI8DX
422,  Sub-Saharan Africa  ,mali,Beverages,Online,L,2013-08-13,254291713,15-08-2013,9424,47.45,31.79,447168.8,299588.96,147579.84,N3DUHN
423,EUROPE,GEORGIA,Personal Care,Online,C,2012-09-11,226077878,2012-10-23,323,81.73,56.67,26398.79,18304.41,8094.38,X10UUI
424,EUROPE,albania,Office Supplies,Offline,M,08/31/2011,476436126,2011-10-15,6892,651.21,524.96,4488139.32,3618024.32,870115,O6PGTP
425,  Europe  ,cyprus,Cosmetics,Offline,L,2015-04-21,650727784,06-06-2015,3667,437.2,263.33,1603212.4,965631.11,637581.29,3U7O5H
426,CENTRAL AMERICA AND THE CARIBBEAN,Saint Kitts and Nevis,Household,Offline,C,2010-07-11,464626681,27-07-2010,2215,668.27,502.54,1480218.05,1113126.1,367091.95,6GC9F7
427,  Middle East and North Africa  ,tunisia ,Meat,Offline,C,2015-08-09,154119145,2015-09-21,6135,421.89,364.69,2588295.15,2237373.15,350922,R4W31E
428,central america and the caribbean,cuba,Meat,Online,M,17-10-2015,925504004,12/06/2015,6057,421.89,364.69,2555387.73,2208927.33,346460.4,VJ2WZP
429,australia and oceania,Kiribati,Cereal,Offline,L,07/24/2012,905392587,08/16/2012,4641,205.7,117.11,954653.7,543507.51,411146.19,S9SKB6
430,Asia,  Cambodia  ,Snacks,Online,C,03/25/2012,990708720,04-05-2012,1581,152.58,97.44,241228.98,154052.64,87176.34,1I3TQK
431,  Europe  ,MOLDOVA ,Baby Food,Online,M,2014-08-11,798688733,2014-09-18,8600,255.28,159.42,2195408,1371012,824396,SD5TMQ
432,ASIA,UZBEKISTAN,Cereal,Offline,C,2016-10-15,916881453,2016-11-28,4452,205.7,117.11,915776.4,521373.72,394402.68,WBH30E
433,ASIA,  India  ,Cosmetics,Offline,L,2016-12-03,653148210,2017-01-21,9924,437.2,263.33,4338772.8,2613286.92,1725485.88,U1AGY5
434,europe,  Germany  ,Personal Care,Offline,C,12-06-2010,285662829,2010-07-13,2834,81.73,56.67,231622.82,160602.78,71020.04,P70780
435,EUROPE,austria,Vegetables,Online,C,2016-07-29,612911641,2016-08-31,3030,154.06,90.93,466801.8,275517.9,191283.9,LA9U7Y
436,  Europe  ,Germany,Office Supplies,Offline,L,09-12-2013,703693473,01/12/2014,7391,651.21,524.96,4813093.11,3879979.36,933113.75,7B483X
437,Asia,BHUTAN,Clothes,Online,M,2012-07-12,147119653,09-08-2012,4829,109.28,35.84,527713.12,173071.36,354641.76,0W76N8
438,asia,Kyrgyzstan,Fruits,Online,C,2012-01-14,402614009,02-03-2012,1287,9.33,6.92,12007.71,8906.04,3101.67,DA14HI
439,middle east and north africa,Somalia,Personal Care,Online,C,2013-03-20,749912869,2013-04-25,4738,81.73,56.67,387236.74,268502.46,118734.28,TEIBTC
440,Central America And The Caribbean,SAINT LUCIA,Household,Online,H,10-02-2014,539065062,10-03-2014,186,668.27,,124298.22,93472.44,30825.78,CM2GP5
441,EUROPE,Armenia,Snacks,Offline,H,26-10-2013,540431916,15-11-2013,4668,152.58,97.44,712243.44,454849.92,257393.52,Y17EIO
442,  North America  ,Canada,Beverages,Online,C,2016-04-16,694687259,2016-06-02,2252,47.45,31.79,106857.4,71591.08,35266.32,E9QFF2
443,  Sub-Saharan Africa  ,burundi,Cosmetics,Offline,H,2011-05-27,562817418,06/02/2011,9036,437.2,263.33,3950539.2,2379449.88,1571089.32,8QQBR6
444,  Europe  ,LIECHTENSTEIN,Cereal,Online,L,04-08-2016,676121222,2016-09-09,8149,205.7,117.11,1676249.3,954329.39,721919.91,2FKPM1
445,Middle East And North Africa,TUNISIA ,Snacks,Offline,L,2012-07-03,286210000,08/05/2012,4754,152.58,97.44,725365.32,463229.76,262135.56,NVP73M
446,  Middle East and North Africa  ,iraq,Beverages,Online,L,04-12-2014,515007579,01/11/2015,1042,47.45,31.79,49442.9,33125.18,16317.72,KNZB2P
447,ASIA,Indonesia,Cosmetics,Offline,C,31-05-2010,304750287,01-06-2010,1237,437.2,263.33,540816.4,325739.21,215077.19,BDG78H
448,  Asia  ,KAZAKHSTAN,Beverages,Online,H,05-02-2013,467986953,2013-02-17,6594,47.45,31.79,312885.3,209623.26,103262.04,07QSIY
449,EUROPE,denmark,Beverages,Offline,C,2015-06-15,537578904,09-07-2015,399,47.45,31.79,18932.55,12684.21,6248.34,VS9F98
450,EUROPE,Luxembourg,Vegetables,Offline,L,10/21/2014,116699969,2014-11-18,2969,154.06,90.93,457404.14,269971.17,187432.97,SREAPH
451,Sub-Saharan Africa,cape verde,Snacks,Offline,C,2017-02-13,228836476,2017-03-13,6653,152.58,97.44,1015114.74,648268.32,366846.42,BG5G5Q
452,  Australia and Oceania  ,PALAU,Vegetables,Offline,C,06/29/2010,167787253,2010-07-16,832,154.06,90.93,128177.92,75653.76,52524.16,UZ7T1P
453,australia and oceania,Australia,Vegetables,Online,M,2014-05-19,647663629,2014-05-20,6915,154.06,90.93,1065324.9,628780.95,436543.95,NPBWX3
454,  Central America and the Caribbean  ,NICARAGUA,Meat,Offline,L,2015-03-21,652889430,04/15/2015,3346,421.89,364.69,1411643.94,1220252.74,191391.2,49X6N6
455,Asia,Laos,Office Supplies,Offline,M,2015-08-31,588200986,2015-10-15,598,651.21,524.96,389423.58,313926.08,75497.5,LFXAMC
456,Central America and the Caribbean,Cuba,Personal Care,Online,L,2015-08-23,928647124,2015-08-30,6176,81.73,56.67,504764.48,349993.92,154770.56,PT683O
457,  Europe  ,Moldova ,Cosmetics,Offline,L,02/24/2016,869589173,2016-03-17,9615,437.2,263.33,4203678,2531917.95,1671760.05,CQCH4G
458,Middle East And North Africa,syria,Household,Online,C,2015-06-17,576700961,2015-07-23,7485,668.27,502.54,5002000.95,3761511.9,1240489.05,1I3TQK
459,Central America And The Caribbean,the bahamas,Cereal,Offline,M,11/27/2012,735968816,12/06/2012,8382,205.7,117.11,1724177.4,981616.02,742561.38,TCXFCJ
,  Europe  ,Belarus,Snacks,Offline,M,2012-09-07,303691565,19-10-2012,7938,152.58,97.44,1211180.04,773478.72,437701.32,28UPTK
461,MIDDLE EAST AND NORTH AFRICA,united arab emirates,Clothes,Offline,C,23-06-2012,556480538,2012-08-07,3812,109.28,35.84,416575.36,136622.08,279953.28,EMZFCH
462,SUB-SAHARAN AFRICA,angola,Beverages,Offline,H,2014-10-23,141259562,2014-11-11,698,47.45,31.79,33120.1,22189.42,10930.68,DVGVRN
463,Central America And The Caribbean,Cuba,Cosmetics,Offline,C,2015-09-18,925264966,2015-10-18,5320,437.2,263.33,2325904,1400915.6,924988.4,QJ10BF
464,Europe,UKRAINE,Office Supplies,Online,H,2016-01-24,346045577,2016-02-20,1431,651.21,524.96,931881.51,751217.76,180663.75,GD31MD
465,  Sub-Saharan Africa  ,MOZAMBIQUE,Fruits,Offline,H,23-03-2010,861462724,2010-04-19,4818,9.33,6.92,44951.94,33340.56,11611.38,N9J4Q7
466,  Europe  ,Armenia,Personal Care,Online,M,26-07-2012,499690234,08/28/2012,8299,81.73,56.67,678277.27,470304.33,207972.94,77GRNA
467,,GREENLAND,Clothes,Online,H,2015-10-20,509214437,2015-11-02,6722,109.28,35.84,734580.16,240916.48,493663.68,OORQT1
468,central america and the caribbean,  Saint Kitts and Nevis   ,Office Supplies,Online,M,2017-06-27,408834159,2017-07-18,1968,651.21,524.96,1281581.28,1033121.28,248460,TEYPEU
469,  Europe  ,VATICAN CITY,Beverages,Offline,M,2016-04-04,237660729,2016-04-30,7946,47.45,31.79,377037.7,252603.34,124434.36,D65WAQ
470,Europe,UKRAINE,Clothes,Online,C,2015-08-05,105117976,09/09/2015,5600,109.28,35.84,611968,200704,411264,BCAAAH
471,Sub-Saharan Africa,  Niger  ,Cereal,Offline,L,16-06-2012,640942227,07/04/2012,7903,205.7,117.11,1625647.1,925520.33,700126.77,P16A2G
472,asia,MYANMAR,Cosmetics,Online,L,2016-04-03,745182311,2016-05-05,4860,437.2,263.33,2124792,1279783.8,845008.2,69CFS3
473,sub-saharan africa,Guinea,Baby Food,Offline,C,2014-09-21,738199555,2014-09-21,8508,255.28,159.42,2171922.24,1356345.36,815576.88,QJ10BF
474,  Sub-Saharan Africa  ,guinea-bissau,Snacks,Online,L,2015-08-08,110667788,2015-09-10,7913,152.58,97.44,1207365.54,771042.72,436322.82,251QOW
475,Sub-Saharan Africa,  South Sudan  ,Office Supplies,Online,C,2012-07-19,673573338,07/20/2012,4174,651.21,524.96,2718150.54,2191183.04,526967.5,KNZB2P
476,MIDDLE EAST AND NORTH AFRICA,Turkey,Snacks,Offline,H,2011-08-26,708215034,13-09-2011,5421,152.58,97.44,827136.18,528222.24,298913.94,W9YIPF
477,australia and oceania,Palau,Household,Online,M,06/23/2012,816204202,2012-07-01,1816,668.27,502.54,1213578.32,912612.64,300965.68,3KYSE9
478,Europe,Poland,Beverages,Offline,L,11/20/2011,769464671,2011-12-24,550,47.45,31.79,26097.5,17484.5,8613,KP6TN0
479,  Asia  ,Malaysia,Beverages,Offline,L,2015-05-13,860232770,06/04/2015,848,47.45,31.79,40237.6,26957.92,13279.68,1BJQDO
480,North America,United States of America,Personal Care,Offline,C,07/16/2010,551057326,2010-08-22,8963,81.73,56.67,732545.99,507933.21,224612.78,9H9LEM
481,Europe,Switzerland,Cosmetics,Online,C,2016-05-21,724799668,2016-05-27,3183,437.2,263.33,1391607.6,838179.39,553428.21,NWZMIT
482,Australia and Oceania,Papua New Guinea,Cosmetics,Offline,H,2011-04-22,534633624,08-06-2011,8825,437.2,263.33,3858290,2323887.25,1534402.75,RUN3O8
483,sub-saharan africa,NAMIBIA,Beverages,Offline,H,08/14/2012,554045522,09/20/2012,3237,47.45,31.79,,102904.23,50691.42,PU8WT7
484,EUROPE,Ireland,Clothes,Online,C,17-03-2012,526834189,05/02/2012,799,109.28,35.84,87314.72,28636.16,58678.56,RS5B3Y
485,Sub-Saharan Africa,Mozambique,Household,Online,C,2010-08-06,717110955,08/09/2010,7922,668.27,502.54,5294034.94,3981121.88,1312913.06,JSDRH6
486,sub-saharan africa,Democratic Republic of the Congo,Baby Food,Offline,L,2013-02-25,559299647,2013-03-26,8049,255.28,159.42,2054748.72,1283171.58,771577.14,8KRTRV
487,North America,United States of America,Meat,Online,M,2011-03-06,908136594,2011-03-10,6654,421.89,364.69,2807256.06,2426647.26,380608.8,LQ459L
488,middle east and north africa,Azerbaijan,Office Supplies,Offline,M,2015-12-14,888670623,2015-12-16,6240,651.21,524.96,4063550.4,3275750.4,787800,DMGXSC
489,  Europe  ,BELGIUM,Office Supplies,Offline,C,10-02-2017,146263062,2017-02-16,1345,651.21,524.96,875877.45,706071.2,169806.25,J1VNHQ
490,asia,Taiwan,Office Supplies,Offline,L,2016-09-20,196587741,2016-10-28,3536,651.21,524.96,2302678.56,1856258.56,446420,Z46LAA
491,Central America and the Caribbean,PANAMA,Baby Food,Online,M,2010-04-30,375630986,2010-06-02,6411,255.28,159.42,1636600.08,1022041.62,614558.46,X5T338
492,Europe,ANDORRA,Beverages,Offline,H,2013-06-25,989691627,07/10/2013,600,47.45,31.79,28470,19074,9396,RS5B3Y
493,Europe,GEORGIA,Household,Offline,H,07/04/2012,165380990,27-07-2012,8765,668.27,502.54,5857386.55,4404763.1,1452623.45,0P9GBA
494,Central America and the Caribbean,barbados,Snacks,Online,C,2013-09-21,599622905,2013-10-22,597,152.58,97.44,91090.26,58171.68,32918.58,W3IAYO
495,  Europe  ,Sweden,Personal Care,Offline,C,2016-12-08,109653699,06-01-2017,7821,81.73,56.67,639210.33,443216.07,195994.26,OORQT1
496,Middle East and North Africa,Algeria,Meat,Offline,M,09/02/2011,183022201,2011-10-15,9191,421.89,364.69,3877590.99,3351865.79,525725.2,AX5S72
497,europe,italy,Personal Care,Online,L,2011-03-21,127589738,2011-04-02,5494,81.73,56.67,449024.62,311344.98,137679.64,1LFSKT
498,europe,RUSSIA,Fruits,Offline,L,08-01-2011,221530139,2011-01-26,4546,9.33,6.92,42414.18,31458.32,10955.86,8PIBFX
499,CENTRAL AMERICA AND THE CARIBBEAN,antigua and barbuda ,Office Supplies,Offline,M,2015-02-22,363329732,2015-02-22,6197,651.21,524.96,4035548.37,3253177.12,782371.25,VIK3Q1
500,Middle East And North Africa,jordan,Fruits,Online,C,15-05-2017,521787345,06/25/2017,7325,9.33,6.92,68342.25,50689,17653.25,5DGWD1
